{"graph": {"_type": "graph-file", "sha256": "239360dba17761dff4c9f94bd01f76c0bbeb3ee47005a0470f032a2f0d0a08a1", "size": 2747, "path": "media/graph/graph_summary_239360dba17761dff4c9.graph.json"}, "epoch": 499, "_timestamp": 1711753460.5164165, "loss": 26504.962890625, "RMSE_step_t_humidity": 281.88201904296875, "RMSE_step_t_1_humidity": 281.96673583984375, "RMSE_step_t_wind_dir": 3.8505280017852783, "RMSE_step_t_1_wind_dir": 4.095965385437012, "RMSE_step_t_wind_speed": 2.773160219192505, "RMSE_step_t_1_wind_speed": 2.9960601329803467, "val_loss": 26538.529296875, "val_RMSE_step_t_humidity": 283.0648498535156, "val_RMSE_step_t_1_humidity": 282.79833984375, "val_RMSE_step_t_wind_dir": 3.1407151222229004, "val_RMSE_step_t_1_wind_dir": 3.117614507675171, "val_RMSE_step_t_wind_speed": 2.8592171669006348, "val_RMSE_step_t_1_wind_speed": 2.8105177879333496, "_runtime": 265.554735660553, "_step": 499, "best_val_loss": 26538.529296875, "best_epoch": 492, "_wandb": {"runtime": 264}}