{"graph": {"_type": "graph-file", "sha256": "a86f699ab424654df45587a717aa6d88fa3c25bd211cddad3729bea3d7698d2f", "size": 2747, "path": "media/graph/graph_summary_a86f699ab424654df455.graph.json"}, "epoch": 99, "_timestamp": 1709852935.4906795, "loss": 26490.642578125, "RMSE_step_t_humidity": 281.78338623046875, "RMSE_step_t_1_humidity": 281.7651672363281, "RMSE_step_t_wind_dir": 3.7855517864227295, "RMSE_step_t_1_wind_dir": 3.9625511169433594, "RMSE_step_t_wind_speed": 2.7469401359558105, "RMSE_step_t_1_wind_speed": 2.9564497470855713, "val_loss": 26538.810546875, "val_RMSE_step_t_humidity": 282.5773010253906, "val_RMSE_step_t_1_humidity": 282.45111083984375, "val_RMSE_step_t_wind_dir": 2.9124138355255127, "val_RMSE_step_t_1_wind_dir": 2.90136456489563, "val_RMSE_step_t_wind_speed": 2.6036300659179688, "val_RMSE_step_t_1_wind_speed": 2.5775527954101562, "_runtime": 443.22343945503235, "_step": 99, "best_val_loss": 26538.810546875, "best_epoch": 99, "_wandb": {"runtime": 446}}