{"graph": {"_type": "graph-file", "sha256": "239360dba17761dff4c9f94bd01f76c0bbeb3ee47005a0470f032a2f0d0a08a1", "size": 2747, "path": "media/graph/graph_summary_239360dba17761dff4c9.graph.json"}, "epoch": 99, "_timestamp": 1711030027.111208, "loss": 26507.05859375, "RMSE_step_t_humidity": 282.0520935058594, "RMSE_step_t_1_humidity": 282.055419921875, "RMSE_step_t_wind_dir": 3.8784332275390625, "RMSE_step_t_1_wind_dir": 3.956669569015503, "RMSE_step_t_wind_speed": 2.8172731399536133, "RMSE_step_t_1_wind_speed": 2.9164087772369385, "val_loss": 26539.298828125, "val_RMSE_step_t_humidity": 282.580322265625, "val_RMSE_step_t_1_humidity": 282.4541320800781, "val_RMSE_step_t_wind_dir": 2.9127395153045654, "val_RMSE_step_t_1_wind_dir": 2.9016945362091064, "val_RMSE_step_t_wind_speed": 2.603910446166992, "val_RMSE_step_t_1_wind_speed": 2.577834129333496, "_runtime": 227.57633686065674, "_step": 99, "best_val_loss": 26538.9609375, "best_epoch": 96, "_wandb": {"runtime": 226}}