{"graph": {"_type": "graph-file", "sha256": "239360dba17761dff4c9f94bd01f76c0bbeb3ee47005a0470f032a2f0d0a08a1", "size": 2747, "path": "media/graph/graph_summary_239360dba17761dff4c9.graph.json"}, "epoch": 499, "_timestamp": 1711753741.5332828, "loss": 26494.984375, "RMSE_step_t_humidity": 281.82781982421875, "RMSE_step_t_1_humidity": 281.8350524902344, "RMSE_step_t_wind_dir": 3.8261845111846924, "RMSE_step_t_1_wind_dir": 3.9735541343688965, "RMSE_step_t_wind_speed": 2.7948102951049805, "RMSE_step_t_1_wind_speed": 3.005946636199951, "val_loss": 26537.96875, "val_RMSE_step_t_humidity": 283.0621337890625, "val_RMSE_step_t_1_humidity": 282.7956237792969, "val_RMSE_step_t_wind_dir": 3.1400632858276367, "val_RMSE_step_t_1_wind_dir": 3.1169614791870117, "val_RMSE_step_t_wind_speed": 2.8617029190063477, "val_RMSE_step_t_1_wind_speed": 2.812992572784424, "_runtime": 148.1760857105255, "_step": 499, "best_val_loss": 26537.931640625, "best_epoch": 352, "_wandb": {"runtime": 147}}