{"graph": {"_type": "graph-file", "sha256": "239360dba17761dff4c9f94bd01f76c0bbeb3ee47005a0470f032a2f0d0a08a1", "size": 2747, "path": "media/graph/graph_summary_239360dba17761dff4c9.graph.json"}, "epoch": 99, "_timestamp": 1711665357.8370752, "loss": 26539.0, "RMSE_step_t_humidity": 282.1338806152344, "RMSE_step_t_1_humidity": 282.2599182128906, "RMSE_step_t_wind_dir": 3.949010133743286, "RMSE_step_t_1_wind_dir": 4.121735095977783, "RMSE_step_t_wind_speed": 2.815577983856201, "RMSE_step_t_1_wind_speed": 2.9696545600891113, "val_loss": 26539.0078125, "val_RMSE_step_t_humidity": 282.5787658691406, "val_RMSE_step_t_1_humidity": 282.45257568359375, "val_RMSE_step_t_wind_dir": 2.912450075149536, "val_RMSE_step_t_1_wind_dir": 2.9014012813568115, "val_RMSE_step_t_wind_speed": 2.6044013500213623, "val_RMSE_step_t_1_wind_speed": 2.5783278942108154, "_runtime": 158.92949318885803, "_step": 99, "best_val_loss": 26539.0078125, "best_epoch": 99, "_wandb": {"runtime": 161}}