{"graph": {"_type": "graph-file", "sha256": "239360dba17761dff4c9f94bd01f76c0bbeb3ee47005a0470f032a2f0d0a08a1", "size": 2747, "path": "media/graph/graph_summary_239360dba17761dff4c9.graph.json"}, "epoch": 499, "_timestamp": 1711035343.404584, "loss": 26503.65234375, "RMSE_step_t_humidity": 281.8352355957031, "RMSE_step_t_1_humidity": 281.90081787109375, "RMSE_step_t_wind_dir": 3.854666233062744, "RMSE_step_t_1_wind_dir": 3.95885968208313, "RMSE_step_t_wind_speed": 2.7650997638702393, "RMSE_step_t_1_wind_speed": 2.9613900184631348, "val_loss": 26537.650390625, "val_RMSE_step_t_humidity": 282.5714416503906, "val_RMSE_step_t_1_humidity": 282.4452819824219, "val_RMSE_step_t_wind_dir": 2.9108211994171143, "val_RMSE_step_t_1_wind_dir": 2.89973521232605, "val_RMSE_step_t_wind_speed": 2.6035754680633545, "val_RMSE_step_t_1_wind_speed": 2.577497720718384, "_runtime": 638.7338988780975, "_step": 499, "best_val_loss": 26537.650390625, "best_epoch": 499, "_wandb": {"runtime": 635}}