{"graph": {"_type": "graph-file", "sha256": "239360dba17761dff4c9f94bd01f76c0bbeb3ee47005a0470f032a2f0d0a08a1", "size": 2747, "path": "media/graph/graph_summary_239360dba17761dff4c9.graph.json"}, "epoch": 299, "_timestamp": 1711714366.0738208, "loss": 26496.34375, "RMSE_step_t_humidity": 281.82586669921875, "RMSE_step_t_1_humidity": 281.7421569824219, "RMSE_step_t_wind_dir": 3.8060219287872314, "RMSE_step_t_1_wind_dir": 3.9900646209716797, "RMSE_step_t_wind_speed": 2.7716879844665527, "RMSE_step_t_1_wind_speed": 3.178114414215088, "val_loss": 26539.501953125, "val_RMSE_step_t_humidity": 282.5814208984375, "val_RMSE_step_t_1_humidity": 282.4552307128906, "val_RMSE_step_t_wind_dir": 2.9129931926727295, "val_RMSE_step_t_1_wind_dir": 2.9019582271575928, "val_RMSE_step_t_wind_speed": 2.604142189025879, "val_RMSE_step_t_1_wind_speed": 2.5780696868896484, "_runtime": 210.88879871368408, "_step": 299, "best_val_loss": 26539.349609375, "best_epoch": 176, "_wandb": {"runtime": 210}}