{"graph": {"_type": "graph-file", "sha256": "239360dba17761dff4c9f94bd01f76c0bbeb3ee47005a0470f032a2f0d0a08a1", "size": 2747, "path": "media/graph/graph_summary_239360dba17761dff4c9.graph.json"}, "epoch": 299, "_timestamp": 1711713831.8162105, "loss": 26444.19140625, "RMSE_step_t_humidity": 281.59442138671875, "RMSE_step_t_1_humidity": 281.5118408203125, "RMSE_step_t_wind_dir": 3.7708492279052734, "RMSE_step_t_1_wind_dir": 3.921311855316162, "RMSE_step_t_wind_speed": 2.7799718379974365, "RMSE_step_t_1_wind_speed": 2.902449131011963, "val_loss": 26538.5390625, "val_RMSE_step_t_humidity": 282.5760803222656, "val_RMSE_step_t_1_humidity": 282.4499206542969, "val_RMSE_step_t_wind_dir": 2.9118611812591553, "val_RMSE_step_t_1_wind_dir": 2.9008071422576904, "val_RMSE_step_t_wind_speed": 2.6050469875335693, "val_RMSE_step_t_1_wind_speed": 2.5789763927459717, "_runtime": 43.42526960372925, "_step": 299, "best_val_loss": 26532.693359375, "best_epoch": 0, "_wandb": {"runtime": 40}}