{"graph": {"_type": "graph-file", "sha256": "239360dba17761dff4c9f94bd01f76c0bbeb3ee47005a0470f032a2f0d0a08a1", "size": 2747, "path": "media/graph/graph_summary_239360dba17761dff4c9.graph.json"}, "epoch": 499, "_timestamp": 1711755095.2318704, "loss": 26478.599609375, "RMSE_step_t_humidity": 281.82513427734375, "RMSE_step_t_1_humidity": 281.65386962890625, "RMSE_step_t_wind_dir": 3.8365349769592285, "RMSE_step_t_1_wind_dir": 4.025259971618652, "RMSE_step_t_wind_speed": 2.8036670684814453, "RMSE_step_t_1_wind_speed": 3.021846055984497, "val_loss": 26537.7890625, "val_RMSE_step_t_humidity": 283.06121826171875, "val_RMSE_step_t_1_humidity": 282.794677734375, "val_RMSE_step_t_wind_dir": 3.1390528678894043, "val_RMSE_step_t_1_wind_dir": 3.1159372329711914, "val_RMSE_step_t_wind_speed": 2.861865520477295, "val_RMSE_step_t_1_wind_speed": 2.813159465789795, "_runtime": 734.397563457489, "_step": 499, "best_val_loss": 26537.654296875, "best_epoch": 492, "_wandb": {"runtime": 733}}