{"graph": {"_type": "graph-file", "sha256": "239360dba17761dff4c9f94bd01f76c0bbeb3ee47005a0470f032a2f0d0a08a1", "size": 2747, "path": "media/graph/graph_summary_239360dba17761dff4c9.graph.json"}, "epoch": 499, "_timestamp": 1711754170.932, "loss": 26446.23046875, "RMSE_step_t_humidity": 281.6529541015625, "RMSE_step_t_1_humidity": 281.52789306640625, "RMSE_step_t_wind_dir": 3.823996067047119, "RMSE_step_t_1_wind_dir": 3.946524143218994, "RMSE_step_t_wind_speed": 2.791656494140625, "RMSE_step_t_1_wind_speed": 3.028337001800537, "val_loss": 26537.146484375, "val_RMSE_step_t_humidity": 283.05780029296875, "val_RMSE_step_t_1_humidity": 282.79083251953125, "val_RMSE_step_t_wind_dir": 3.140238046646118, "val_RMSE_step_t_1_wind_dir": 3.1170973777770996, "val_RMSE_step_t_wind_speed": 2.861783027648926, "val_RMSE_step_t_1_wind_speed": 2.812887191772461, "_runtime": 155.52248096466064, "_step": 499, "best_val_loss": 26537.146484375, "best_epoch": 499, "_wandb": {"runtime": 158}}