{"graph": {"_type": "graph-file", "sha256": "239360dba17761dff4c9f94bd01f76c0bbeb3ee47005a0470f032a2f0d0a08a1", "size": 2747, "path": "media/graph/graph_summary_239360dba17761dff4c9.graph.json"}, "epoch": 99, "_timestamp": 1711664912.736303, "loss": 26501.833984375, "RMSE_step_t_humidity": 281.7992248535156, "RMSE_step_t_1_humidity": 281.83843994140625, "RMSE_step_t_wind_dir": 3.801795482635498, "RMSE_step_t_1_wind_dir": 3.9032516479492188, "RMSE_step_t_wind_speed": 2.746001720428467, "RMSE_step_t_1_wind_speed": 2.9923226833343506, "val_loss": 26539.001953125, "val_RMSE_step_t_humidity": 282.57861328125, "val_RMSE_step_t_1_humidity": 282.4524230957031, "val_RMSE_step_t_wind_dir": 2.912214994430542, "val_RMSE_step_t_1_wind_dir": 2.9011623859405518, "val_RMSE_step_t_wind_speed": 2.604187250137329, "val_RMSE_step_t_1_wind_speed": 2.578111410140991, "_runtime": 256.2514560222626, "_step": 99, "best_val_loss": 26539.001953125, "best_epoch": 99, "_wandb": {"runtime": 258}}