{"graph": {"_type": "graph-file", "sha256": "239360dba17761dff4c9f94bd01f76c0bbeb3ee47005a0470f032a2f0d0a08a1", "size": 2747, "path": "media/graph/graph_summary_239360dba17761dff4c9.graph.json"}, "epoch": 299, "_timestamp": 1711714051.6868594, "loss": 26511.515625, "RMSE_step_t_humidity": 282.0013732910156, "RMSE_step_t_1_humidity": 282.0256042480469, "RMSE_step_t_wind_dir": 3.866924285888672, "RMSE_step_t_1_wind_dir": 4.101692199707031, "RMSE_step_t_wind_speed": 2.788618803024292, "RMSE_step_t_1_wind_speed": 3.0764670372009277, "val_loss": 26540.056640625, "val_RMSE_step_t_humidity": 282.5821228027344, "val_RMSE_step_t_1_humidity": 282.4589538574219, "val_RMSE_step_t_wind_dir": 2.9132230281829834, "val_RMSE_step_t_1_wind_dir": 2.911696195602417, "val_RMSE_step_t_wind_speed": 2.6029558181762695, "val_RMSE_step_t_1_wind_speed": 2.5930025577545166, "_runtime": 122.35203146934509, "_step": 299, "best_val_loss": 26539.517578125, "best_epoch": 50, "_wandb": {"runtime": 121}}