{"graph": {"_type": "graph-file", "sha256": "239360dba17761dff4c9f94bd01f76c0bbeb3ee47005a0470f032a2f0d0a08a1", "size": 2747, "path": "media/graph/graph_summary_239360dba17761dff4c9.graph.json"}, "epoch": 99, "_timestamp": 1711664437.5095186, "loss": 26490.291015625, "RMSE_step_t_humidity": 281.873046875, "RMSE_step_t_1_humidity": 281.8922424316406, "RMSE_step_t_wind_dir": 3.8689064979553223, "RMSE_step_t_1_wind_dir": 4.150485038757324, "RMSE_step_t_wind_speed": 2.8261702060699463, "RMSE_step_t_1_wind_speed": 3.130270004272461, "val_loss": 26539.017578125, "val_RMSE_step_t_humidity": 282.5789794921875, "val_RMSE_step_t_1_humidity": 282.4527893066406, "val_RMSE_step_t_wind_dir": 2.912229537963867, "val_RMSE_step_t_1_wind_dir": 2.901179552078247, "val_RMSE_step_t_wind_speed": 2.6044647693634033, "val_RMSE_step_t_1_wind_speed": 2.578390121459961, "_runtime": 182.89513158798218, "_step": 99, "best_val_loss": 26539.017578125, "best_epoch": 99, "_wandb": {"runtime": 185}}